URL,CATEGORY
https://i.pinimg.com/736x/ab/dd/f6/abddf6022bf2188ef6fe778c54ee9a3e.jpg,abstract
https://i.pinimg.com/736x/91/9c/07/919c0752aabe5a7cf07428a333f0ac64.jpg,abstract
https://i.pinimg.com/736x/00/aa/49/00aa49e453d548b0052292eafee73704.jpg,abstract
https://i.pinimg.com/474x/24/0a/34/240a34b3a91ddac26914ccc427eb07ea.jpg,abstract
https://i.pinimg.com/474x/de/5c/e4/de5ce40c4a6b834b8218226a6e4aa729.jpg,abstract
https://i.pinimg.com/474x/a4/d5/f0/a4d5f0bff3bff1b2accb93c606bf246c.jpg,abstract
https://i.pinimg.com/474x/1a/ab/48/1aab48516f7460d132b39b7645c31d0f.jpg,abstract
https://i.pinimg.com/474x/64/70/5d/64705df5f4148472743ed89d2f3ae91c.jpg,abstract
https://i.pinimg.com/474x/bb/c5/cf/bbc5cf2b327108d377ccaf0f645ef588.jpg,abstract
https://i.pinimg.com/474x/87/ee/ee/87eeeec242aa64c6a5511df8486c5ec4.jpg,abstract
https://i.pinimg.com/474x/6c/a3/a2/6ca3a2d4881c12beca9b9bafd6489850.jpg,minimal
https://i.pinimg.com/474x/e5/5c/88/e55c8852c2ec811ccd7b64fc78a74eee.jpg,minimal
https://i.pinimg.com/474x/52/88/64/52886429fe07c38e8827060d8b617c7a.jpg,minimal
https://i.pinimg.com/474x/c5/cf/5a/c5cf5aab1b93bf834315add1ff846c0e.jpg,minimal
https://i.pinimg.com/474x/30/db/ea/30dbead4e147636f03bae61ed5b74fef.jpg,minimal
https://i.pinimg.com/474x/b1/16/e8/b116e821b9020df347e0a0c59ca321b2.jpg,minimal
https://i.pinimg.com/474x/a6/3e/1d/a63e1d7d63b8ea33bda38165858fcf8b.jpg,minimal
https://i.pinimg.com/474x/d6/34/66/d63466035eaebb051324cad0c588d4f9.jpg,minimal
https://i.pinimg.com/474x/3e/d2/31/3ed231d2f28f9bc3924986df83d65051.jpg,minimal
https://i.pinimg.com/474x/53/d5/6a/53d56a7dc85d395fc1601dee2b2be8f3.jpg,minimal
https://i.pinimg.com/474x/12/5d/ff/125dff2bde052ac8abbb1201b5792758.jpg,minimal
https://i.pinimg.com/474x/7e/69/1d/7e691d77972c765b18c16ed8c3376f5b.jpg,minimal
https://i.pinimg.com/474x/8b/d7/6e/8bd76e3c944621d49ad3eb88978cb401.jpg,anime
https://i.pinimg.com/474x/8c/2b/f0/8c2bf0dbfc1d7a03aec68c2500d398ee.jpg,anime
https://i.pinimg.com/474x/50/e9/94/50e99412a06cc4360670e554f7b2b2e3.jpg,anime
https://i.pinimg.com/474x/c1/52/7b/c1527bc30e5f07b5f3f29aa37b0ea78c.jpg,anime
https://i.pinimg.com/474x/cc/f5/0b/ccf50b55f1772279585391773500d75d.jpg,anime
https://i.pinimg.com/474x/18/40/6a/18406ac6a1f0844a03b6b17c6c1785ee.jpg,anime
https://i.pinimg.com/474x/eb/5b/82/eb5b827def5f69be14fc094beb17d4b3.jpg,anime
https://i.pinimg.com/474x/eb/5b/82/eb5b827def5f69be14fc094beb17d4b3.jpg,anime
https://i.pinimg.com/474x/72/ba/88/72ba88e89a3ada52eb7bc0fb6c9e68e5.jpg,anime
https://i.pinimg.com/474x/84/65/3a/84653ad6216c6b5bf6ba6c778f56e634.jpg,anime
https://i.pinimg.com/474x/ad/2d/e8/ad2de872e24a581f09f3d201f62c6759.jpg,anime
https://i.pinimg.com/474x/75/ad/04/75ad04b5a448ea5f482d3ce7c179c726.jpg,anime
https://i.pinimg.com/474x/a1/79/e6/a179e652000e3ff5de975e07bd64f241.jpg,anime
https://i.pinimg.com/474x/f4/2e/6c/f42e6c5d9d8b91cc734e05e027f0d2dc.jpg,anime
https://i.pinimg.com/474x/12/26/ef/1226ef28f841cb99ce8f8c6aee8b43e9.jpg,anime
https://i.pinimg.com/474x/0c/48/2d/0c482d958326f05f17feece3f5fa920a.jpg,anime
https://i.pinimg.com/474x/9f/b3/e7/9fb3e7c89d9b119c0f8a651e4660fe72.jpg,anime
https://i.pinimg.com/474x/58/27/67/58276760ec13f352fc8f77a9f2c2da3f.jpg,anime
https://i.pinimg.com/474x/8f/c6/8d/8fc68d9ef448bbdd2f370a617fbe2df1.jpg,anime
https://i.pinimg.com/474x/27/5b/81/275b81ecb5ab1ed15dbb085ddf7bde3c.jpg,anime
https://i.pinimg.com/736x/50/6c/ba/506cbad1e77b2c98f1d14f7e4803eca4.jpg,nature
https://i.pinimg.com/474x/3e/d6/1f/3ed61f34770bab81f0e31148a194571f.jpg,nature
https://i.pinimg.com/474x/1b/66/38/1b66380b1bc3e1bd3a1bab2aa370569a.jpg,nature
https://i.pinimg.com/474x/22/01/ea/2201ea949740e6811743c290f486732b.jpg,nature
https://i.pinimg.com/474x/88/e9/47/88e94716632216dd9aaa79f0f922777a.jpg,nature
https://i.pinimg.com/474x/ea/48/c5/ea48c544374d8a64c7fd87bd386e0eba.jpg,nature
https://i.pinimg.com/736x/2c/6e/67/2c6e67a749efbb04d10225f498443f89.jpg,nature
https://i.pinimg.com/474x/1e/bc/6a/1ebc6a64153ea1c6a9aa561eae5b6021.jpg,nature
https://i.pinimg.com/474x/d5/2d/66/d52d66d5c17e7b1597b9a3c7fbafdaa2.jpg,nature
https://i.pinimg.com/474x/5c/86/38/5c8638549e46a218c6d110d574017a43.jpg,nature
https://i.pinimg.com/736x/fa/a5/d0/faa5d016cdc4dbbde96703a6eb3cceeb.jpg,nature
https://i.pinimg.com/474x/77/6e/6d/776e6d8e8fa9bae6af67e4f219f8b71d.jpg,nature
https://i.pinimg.com/474x/b7/2f/63/b72f63eea5b4f622c84b11d262d73d38.jpg,nature
https://i.pinimg.com/474x/d4/41/96/d44196a10bca3ece9141fbbd9e9d011e.jpg,nature
https://i.pinimg.com/474x/38/b3/43/38b343c07e470acade99f587c580c00f.jpg,amoled
https://i.pinimg.com/474x/3d/76/e7/3d76e7ab771eec56610601f9bd6e961a.jpg,amoled
https://i.pinimg.com/474x/c1/81/03/c1810346b065fe5c84294bc1198efdf5.jpg,amoled
https://i.pinimg.com/474x/38/d7/0a/38d70ab8d3e9eea7b97c13f741ba309b.jpg,amoled
https://i.pinimg.com/474x/8a/38/8d/8a388d291b64ce6f49934f71186ae3ef.jpg,amoled
https://i.pinimg.com/474x/9b/4c/4b/9b4c4bb9de85b7ff86d430733ece4de9.jpg,amoled
https://i.pinimg.com/474x/95/55/8d/95558d4d1d06b6c0fbd8ec406684c7cd.jpg,amoled
https://i.pinimg.com/474x/45/75/1c/45751cdd97f28cd0f6b5f8645170d245.jpg,amoled
https://i.pinimg.com/474x/34/8d/20/348d202859f0c9f0ab32876692030989.jpg,amoled
https://i.pinimg.com/474x/f7/2e/c4/f72ec48c27597f66510916b435aeab76.jpg,amoled
https://i.pinimg.com/736x/9f/71/05/9f71050a261296e37305945d6119e289.jpg,amoled
https://i.pinimg.com/474x/f4/9c/2e/f49c2e937d53b0953e008748711fbcc9.jpg,space
https://i.pinimg.com/474x/46/1e/69/461e6961b4f38a06b42e665725bd33a6.jpg,space
https://i.pinimg.com/474x/d4/70/64/d470648cb470936c325ed522bf6ff82b.jpg,space
https://i.pinimg.com/736x/30/d3/cf/30d3cfb069c1a13ed7ef0f36d498e395.jpg,space
https://i.pinimg.com/474x/84/7f/b1/847fb11b890c03acf5aeecc9866db023.jpg,space
https://i.pinimg.com/474x/d0/be/c8/d0bec87d18dbc33434adac1330702e16.jpg,space
https://i.pinimg.com/474x/17/6d/1f/176d1f1081edac4262cdd16746d8c403.jpg,space
https://i.pinimg.com/474x/d2/18/e3/d218e3df95f68a1227ffa4090d899976.jpg,space
https://i.pinimg.com/474x/c3/81/a8/c381a832a66c034aa78284b14511d173.jpg,space
https://i.pinimg.com/474x/f0/f0/6e/f0f06eec4050e93fcf6fa19fe37fd4e4.jpg,space
https://i.pinimg.com/474x/98/21/b4/9821b43ba6ac18fdf01284aa321a18d1.jpg,space
https://i.pinimg.com/474x/ec/88/ea/ec88ea91dc627a148cdb4c5b54e33ac8.jpg,space
https://i.pinimg.com/474x/cb/fc/3a/cbfc3a53149fa78d4180bc2ebc3d5b9d.jpg,game
https://i.pinimg.com/474x/85/ac/c7/85acc70ea37b4839ad57c2a5b729f97a.jpg,game
https://i.pinimg.com/474x/fa/80/9f/fa809f8adfc837d675e0d4c6fe29cd23.jpg,game
https://i.pinimg.com/474x/0c/0c/81/0c0c81be9ecfa4b3d5739f3b0aa12f42.jpg,game
https://i.pinimg.com/474x/cc/18/e5/cc18e5369fb377b4d42835c8bec35f72.jpg,game
https://i.pinimg.com/474x/ed/45/06/ed4506a2e57b8801432ee6e63ca9d168.jpg,game
https://i.pinimg.com/474x/ed/cf/b7/edcfb7a459b77dc0c91d487a65ae4c12.jpg,game
https://i.pinimg.com/474x/08/3a/c2/083ac2609f26680f509ace0e2420b63f.jpg,game
https://i.pinimg.com/474x/84/e8/fa/84e8fa7f127434af7b9624ce7754883f.jpg,game
https://i.pinimg.com/474x/39/0e/4c/390e4c51265c99bdf0aa3436a7530f6e.jpg,game
https://i.pinimg.com/474x/75/8b/39/758b39d1f47ab64400359b5c5dbbef12.jpg,car
https://i.pinimg.com/736x/99/82/35/998235cd972d858f308cb78d6fde1536.jpg,car
https://i.pinimg.com/474x/4d/6e/03/4d6e0355384e5b33319acf200a536705.jpg,car
https://i.pinimg.com/474x/b1/dd/dd/b1dddd93855991ffa18919914efec6a5.jpg,car
https://i.pinimg.com/474x/89/31/26/8931269aba7f48d42d5fa20c27d3a2da.jpg,car
https://i.pinimg.com/474x/17/c4/51/17c451f1a406ac1d61c1498b3979a062.jpg,car
https://i.pinimg.com/474x/1c/28/fd/1c28fd5e3a00378a76cf0a4c6e1b5ca0.jpg,car
https://i.pinimg.com/474x/12/b4/4f/12b44f5fee4aaab31104a60a64f1c11e.jpg,car
https://i.pinimg.com/474x/a0/5e/c9/a05ec9d19391668c9d863ba60b107b30.jpg,car
https://i.pinimg.com/474x/71/5e/b5/715eb5f2ec5e1b0074c7fd06de083a6b.jpg,car
https://i.pinimg.com/474x/78/88/df/7888dfe993afbed1e523e6486a68b007.jpg,car
https://i.pinimg.com/474x/d7/8d/21/d78d21fb40b7a4dedc3e1ef886c10d32.jpg,car
https://i.pinimg.com/474x/6f/d1/eb/6fd1eb15cb8b8e8bbb8a373cf96ee8f7.jpg,car
https://i.pinimg.com/474x/ac/5a/23/ac5a23d931abec36a38991624589e3e1.jpg,stock
https://i.pinimg.com/474x/52/18/7d/52187dce3284c07a41e7125741d44f51.jpg,stock
https://i.pinimg.com/474x/b6/1e/f2/b61ef202379427af62a5f22df6dc2f0e.jpg,stock
https://i.pinimg.com/474x/be/52/9c/be529c7fb93a50dd8345158d54ea4935.jpg,stock
https://i.pinimg.com/474x/ed/79/13/ed791335ea6e8775f1bc13ab43a3b95e.jpg,stock
https://i.pinimg.com/474x/70/bd/50/70bd503aea90de3855022e5f8d850d04.jpg,stock
https://i.pinimg.com/474x/f4/e8/e8/f4e8e8f493f38835fa58b1c64fec36a3.jpg,stock
https://i.pinimg.com/474x/9a/d3/32/9ad332d582f4a7bc764d3244f818b831.jpg,stock
https://i.pinimg.com/474x/dd/61/f6/dd61f66d447c2510eb422e1f5e24af39.jpg,stock
https://i.pinimg.com/474x/22/e8/f3/22e8f3fa29a76e15e3e41dd13dae845e.jpg,stock
https://i.pinimg.com/474x/a9/8d/69/a98d6909ed52c280e99c3f7439833a59.jpg,stock
https://i.pinimg.com/474x/a5/6b/03/a56b03451d86361d84243aa6151e0b71.jpg,sports
https://i.pinimg.com/474x/1e/30/d2/1e30d232eb02cfa0df7181a2e70a3862.jpg,sports
https://i.pinimg.com/474x/5a/7a/67/5a7a67b902748bcb5f3729fd2991b66e.jpg,sports
https://i.pinimg.com/474x/8f/30/85/8f30855443397877b808c2f1d4515a08.jpg,sports
https://i.pinimg.com/474x/7c/bf/69/7cbf69c414711e88d361a80b40d34e1e.jpg,sports
https://i.pinimg.com/474x/73/b8/38/73b838081b9c615f8ab6fa633ea3400f.jpg,sports
https://i.pinimg.com/474x/7a/17/41/7a174164dbb42ebbc39857a19bcd044d.jpg,sports
https://i.pinimg.com/474x/c8/70/aa/c870aa528d6d94ef3d0eabd12b7d4fd6.jpg,sports
https://i.pinimg.com/474x/a5/19/fa/a519fa0cc207c2148201ff75e24276e7.jpg,sports
https://i.pinimg.com/474x/9f/3b/4b/9f3b4bae7a74f420285f1c03a81c7073.jpg,sports
https://i.pinimg.com/474x/0e/9a/a4/0e9aa4537a9f43f396b57ba07116e1ea.jpg,sports
https://i.pinimg.com/474x/ce/2c/c9/ce2cc9228d818403b6c5bcc51e1ed9c6.jpg,sports
https://i.pinimg.com/474x/41/4c/73/414c739714b83227cc170834a67f7a8a.jpg,sports
https://i.pinimg.com/474x/65/9c/7e/659c7e8ff9a35d90575f6862c91712d4.jpg,sports
https://i.pinimg.com/474x/af/2b/4a/af2b4aa79b85e45ab5c41a4d53b5c858.jpg,sports
https://i.pinimg.com/474x/75/e3/87/75e38774f4c338639de4e1f0b3c50912.jpg,sports
https://i.pinimg.com/474x/0b/06/a1/0b06a1c907c82c0b55017fd47fc5097f.jpg,sports
https://i.pinimg.com/474x/f4/8c/ad/f48cad9da7c8ae6934e6cacd299644af.jpg,sports
https://i.pinimg.com/474x/7c/43/a3/7c43a3f3e4efe2281c05923c7b4a107f.jpg,sports
https://i.pinimg.com/474x/50/5b/49/505b49f1fd6872c21091f31451b45abf.jpg,sports
https://i.pinimg.com/474x/08/c6/59/08c659a00a5f0f6eaf19974df2819f52.jpg,sports
https://i.pinimg.com/474x/fa/83/41/fa834144f661ccda4128f4efbcb88e97.jpg,sports
https://i.pinimg.com/474x/97/d2/16/97d216f92d8f9d8fcbab9e215b1db40b.jpg,sports
https://i.pinimg.com/474x/9b/29/8c/9b298c704cc76ca5d693996f5d8f6a75.jpg,sports
https://i.pinimg.com/474x/36/4e/ee/364eeec7177fbb6fbe64e3a0b4c8d905.jpg,sports
https://i.pinimg.com/474x/ad/ba/62/adba620d492d6b21e79df3aede2203f3.jpg,sports
https://i.pinimg.com/736x/e5/04/47/e50447791353195db619bcd7493b64f5.jpg,sports
https://i.pinimg.com/474x/e8/0d/0c/e80d0c9ccc7c8622a84ffea953de87f6.jpg,sports
https://i.pinimg.com/474x/fb/36/6e/fb366ea4b455e1951561e70d5b8baa7e.jpg,sports
https://i.pinimg.com/474x/5e/0f/f3/5e0ff3dbf069a8ad62a05fd5968ec8c6.jpg,sports
https://i.pinimg.com/474x/5a/45/ab/5a45ab34a91da7bb445633e45b376a7e.jpg,sports
https://i.pinimg.com/474x/d2/e2/5d/d2e25d820e5cd52a31afe177231803ca.jpg,sports
https://i.pinimg.com/474x/a1/a4/8c/a1a48c353e44790e43bda0ad00ad9bd7.jpg,superhero
https://i.pinimg.com/736x/6a/5a/ed/6a5aed7e7bdaa974a9ca3a478ee62dae.jpg,superhero
https://i.pinimg.com/474x/8e/53/b3/8e53b3eda4bdb8e7648a23a81c38fb77.jpg,superhero
https://i.pinimg.com/474x/f9/fc/97/f9fc975ceba1c82bbf9d8ae31afce794.jpg,superhero
https://i.pinimg.com/474x/dd/49/2f/dd492fc93fd0e891c16d7b86a77e4c90.jpg,superhero
https://i.pinimg.com/474x/dd/1c/ab/dd1cab1966e920b3f7f0616cba0380b4.jpg,superhero
https://i.pinimg.com/474x/d1/a3/7b/d1a37b54a913058db44e75dca16be74a.jpg,superhero
https://i.pinimg.com/474x/fe/2d/27/fe2d27000c13dbc185c763ab6358a4db.jpg,superhero
https://i.pinimg.com/474x/31/54/cc/3154cc47fcaf9a033fd60a749d3eb9eb.jpg,superhero
https://i.pinimg.com/474x/e7/d8/d0/e7d8d00c7ec202db370f043b744bedde.jpg,superhero
https://i.pinimg.com/474x/91/b6/dd/91b6dd0ba6654c1a49c06afdc364755b.jpg,superhero
https://i.pinimg.com/474x/eb/dc/25/ebdc2576b075ac3ff91434a266d9ffea.jpg,superhero
https://i.pinimg.com/474x/7f/85/c9/7f85c9fb1c3ba7514f7343f653ae859b.jpg,superhero
https://i.pinimg.com/474x/e3/da/1b/e3da1bde8ba8e438d6cc3300496856cf.jpg,superhero
https://i.pinimg.com/474x/81/f2/3b/81f23b3a11ae4d06cd580e422e151bd7.jpg,superhero
https://i.pinimg.com/474x/7f/41/65/7f4165282fa331fa2c94d4840280fdb9.jpg,superhero
https://i.pinimg.com/736x/6a/2b/5a/6a2b5a7230faab890d5f4ad016464123.jpg,superhero
https://i.pinimg.com/474x/1b/01/78/1b0178c7333ad2e71f8a362a41392fea.jpg,superhero
https://i.pinimg.com/474x/c1/83/3b/c1833bfaef2f947e52007778ff06995a.jpg,superhero
https://i.pinimg.com/474x/6f/47/7e/6f477ef1fd90ce0c7ba091238c82e183.jpg,superhero
https://i.pinimg.com/474x/41/7b/44/417b44d3735b882802eef4c15be52ff4.jpg,superhero
https://i.pinimg.com/474x/07/d6/f0/07d6f0ea07ee29f284c38992870dacdd.jpg,superhero
https://i.pinimg.com/474x/3c/e0/4c/3ce04c35ff575b25359831b6ad0f1ce2.jpg,superhero
https://i.pinimg.com/474x/fc/7e/92/fc7e92784e60221c290ac1ca1947c456.jpg,superhero
https://i.pinimg.com/474x/f8/6a/8b/f86a8b15e36d47b5b5058175d7bf846d.jpg,superhero
https://i.pinimg.com/474x/bc/7d/c6/bc7dc69d60afc39380add8fc94fd0ff3.jpg,superhero
https://i.pinimg.com/474x/38/cb/ea/38cbea6c01c2c98b900d8be492ea1df9.jpg,superhero
https://i.pinimg.com/474x/54/1d/71/541d71444482f38197a750bd617f9bf9.jpg,superhero
https://i.pinimg.com/474x/eb/fb/68/ebfb68beb5f155428b4f981cf886bde5.jpg,superhero
https://i.pinimg.com/474x/ba/67/41/ba6741bef330d2cc403335da189e9674.jpg,superhero
https://i.pinimg.com/474x/19/b6/56/19b6566e9ee0867c8ac7239158484031.jpg,superhero
https://i.pinimg.com/474x/fa/43/f4/fa43f4dedc679be3cd1dc703fbe6cf88.jpg,superhero
