URL,CATEGORY,,,,,"	"
https://i.pinimg.com/736x/ab/dd/f6/abddf6022bf2188ef6fe778c54ee9a3e.jpg,abstract,,,,,
https://i.pinimg.com/736x/91/9c/07/919c0752aabe5a7cf07428a333f0ac64.jpg,abstract,,,,,
https://i.pinimg.com/736x/00/aa/49/00aa49e453d548b0052292eafee73704.jpg,abstract,,,,,
https://i.pinimg.com/474x/24/0a/34/240a34b3a91ddac26914ccc427eb07ea.jpg,abstract,,,,,
https://i.pinimg.com/474x/de/5c/e4/de5ce40c4a6b834b8218226a6e4aa729.jpg,abstract,,,,,
https://i.pinimg.com/474x/a4/d5/f0/a4d5f0bff3bff1b2accb93c606bf246c.jpg,abstract,,,,,
https://i.pinimg.com/474x/1a/ab/48/1aab48516f7460d132b39b7645c31d0f.jpg,abstract,,,,,
"https://i.pinimg.com/474x/64/70/5d/64705df5f4148472743ed89d2f3ae91c.jpg	",abstract,,,,,
https://i.pinimg.com/474x/bb/c5/cf/bbc5cf2b327108d377ccaf0f645ef588.jpg,abstract,,,,,
"https://i.pinimg.com/474x/87/ee/ee/87eeeec242aa64c6a5511df8486c5ec4.jpg	",abstract,,,,,
